04/06/2022, 05:53:41.681, 05:53:47.742,nglOrderAPI_createOrder_2,6.06081
04/06/2022, 05:53:38.167, 05:53:47.805,nglOrderAPI_createOrder_2,9.63722
04/06/2022, 05:53:41.525, 05:53:47.883,nglOrderAPI_createOrder_2,6.35721
04/06/2022, 05:53:39.980, 05:53:48.274,nglOrderAPI_createOrder_2,8.29362
04/06/2022, 05:53:41.932, 05:53:48.445,nglOrderAPI_createOrder_2,6.51321
04/06/2022, 05:53:41.963, 05:53:48.445,nglOrderAPI_createOrder_2,6.48201
04/06/2022, 05:53:39.918, 05:53:48.820,nglOrderAPI_createOrder_2,8.90202
04/06/2022, 05:53:41.588, 05:53:49.243,nglOrderAPI_createOrder_2,7.65501
04/06/2022, 05:53:39.416, 05:53:49.414,nglOrderAPI_createOrder_2,9.99802
04/06/2022, 05:53:40.401, 05:53:50.570,nglOrderAPI_createOrder_2,10.16862
04/06/2022, 05:53:40.666, 05:53:50.601,nglOrderAPI_createOrder_2,9.93462
04/06/2022, 05:53:41.26, 05:53:50.601,nglOrderAPI_createOrder_2,9.57482
04/06/2022, 05:53:42.353, 05:53:49.539,nglOrderAPI_createOrder_2,7.18601
04/06/2022, 05:53:43.103, 05:53:50.726,nglOrderAPI_createOrder_2,7.62281
04/06/2022, 05:53:41.338, 05:53:50.617,nglOrderAPI_createOrder_2,9.27842
04/06/2022, 05:53:41.11, 05:53:50.617,nglOrderAPI_createOrder_2,9.60602
04/06/2022, 05:53:43.540, 05:53:50.726,nglOrderAPI_createOrder_2,7.18601
04/06/2022, 05:53:44.337, 05:53:50.695,nglOrderAPI_createOrder_2,6.35721
04/06/2022, 05:53:42.587, 05:53:50.695,nglOrderAPI_createOrder_2,8.10741
04/06/2022, 05:53:44.337, 05:53:50.679,nglOrderAPI_createOrder_2,6.34161
04/06/2022, 05:53:40.261, 05:53:50.710,nglOrderAPI_createOrder_2,10.44942
04/06/2022, 05:53:43.446, 05:53:50.710,nglOrderAPI_createOrder_2,7.26401
04/06/2022, 05:53:42.416, 05:53:50.710,nglOrderAPI_createOrder_2,8.29462
04/06/2022, 05:53:44.837, 05:53:50.710,nglOrderAPI_createOrder_2,5.87361
04/06/2022, 05:53:44.618, 05:53:50.804,nglOrderAPI_createOrder_2,6.18561
04/06/2022, 05:53:44.883, 05:53:50.804,nglOrderAPI_createOrder_2,5.92041
04/06/2022, 05:53:44.649, 05:53:50.976,nglOrderAPI_createOrder_2,6.32701
04/06/2022, 05:53:41.603, 05:53:51.148,nglOrderAPI_createOrder_2,9.54462
04/06/2022, 05:53:44.868, 05:53:51.195,nglOrderAPI_createOrder_2,6.32701
04/06/2022, 05:53:45.385, 05:53:51.210,nglOrderAPI_createOrder_2,5.82581
04/06/2022, 05:53:45.899, 05:53:51.928,nglOrderAPI_createOrder_2,6.02861
04/06/2022, 05:53:45.353, 05:53:52.38,nglOrderAPI_createOrder_2,6.68481
04/06/2022, 05:53:48.461, 05:53:52.366,nglOrderAPI_createOrder_2,3.90501
04/06/2022, 05:53:46.931, 05:53:53.85,nglOrderAPI_createOrder_2,6.15341
04/06/2022, 05:53:46.384, 05:53:53.537,nglOrderAPI_createOrder_2,7.15281
04/06/2022, 05:53:45.634, 05:53:53.990,nglOrderAPI_createOrder_2,8.35602
04/06/2022, 05:53:48.55, 05:53:54.37,nglOrderAPI_createOrder_2,5.98181
04/06/2022, 05:53:48.180, 05:53:54.84,nglOrderAPI_createOrder_2,5.90381
04/06/2022, 05:53:47.196, 05:53:54.146,nglOrderAPI_createOrder_2,6.95001
04/06/2022, 05:53:48.305, 05:53:54.193,nglOrderAPI_createOrder_2,5.88821
04/06/2022, 05:53:46.649, 05:53:54.396,nglOrderAPI_createOrder_2,7.74661
04/06/2022, 05:53:45.369, 05:53:54.786,nglOrderAPI_createOrder_2,9.41682
04/06/2022, 05:53:48.258, 05:53:55.863,nglOrderAPI_createOrder_2,7.60521
04/06/2022, 05:53:50.741, 05:53:55.910,nglOrderAPI_createOrder_2,5.16861
04/06/2022, 05:53:46.150, 05:53:55.927,nglOrderAPI_createOrder_2,9.77662
04/06/2022, 05:53:50.71, 05:53:55.927,nglOrderAPI_createOrder_2,5.85601
04/06/2022, 05:53:46.649, 05:53:55.942,nglOrderAPI_createOrder_2,9.29302
04/06/2022, 05:53:46.649, 05:53:55.958,nglOrderAPI_createOrder_2,9.30862
04/06/2022, 05:53:45.619, 05:53:56.410,nglOrderAPI_createOrder_2,10.79162
04/06/2022, 05:53:46.134, 05:53:56.988,nglOrderAPI_createOrder_2,10.85402
04/06/2022, 05:53:51.8, 05:53:57.691,nglOrderAPI_createOrder_2,6.68281
04/06/2022, 05:53:50.882, 05:53:58.128,nglOrderAPI_createOrder_2,7.24641
04/06/2022, 05:53:51.507, 05:53:58.284,nglOrderAPI_createOrder_2,6.77741
04/06/2022, 05:53:51.242, 05:53:58.284,nglOrderAPI_createOrder_2,7.04261
04/06/2022, 05:53:50.773, 05:53:58.284,nglOrderAPI_createOrder_2,7.51161
04/06/2022, 05:53:51.273, 05:53:58.300,nglOrderAPI_createOrder_2,7.02701
04/06/2022, 05:53:51.507, 05:53:58.409,nglOrderAPI_createOrder_2,6.90221
04/06/2022, 05:53:51.257, 05:53:58.409,nglOrderAPI_createOrder_2,7.15181
04/06/2022, 05:53:51.507, 05:53:58.440,nglOrderAPI_createOrder_2,6.93341
04/06/2022, 05:53:51.8, 05:53:58.440,nglOrderAPI_createOrder_2,7.43261
04/06/2022, 05:53:51.8, 05:53:58.440,nglOrderAPI_createOrder_2,7.43261
04/06/2022, 05:53:51.507, 05:53:58.456,nglOrderAPI_createOrder_2,6.94901
04/06/2022, 05:53:50.741, 05:53:58.659,nglOrderAPI_createOrder_2,7.91721
04/06/2022, 05:53:51.507, 05:53:58.503,nglOrderAPI_createOrder_2,6.99581
04/06/2022, 05:53:51.23, 05:53:58.534,nglOrderAPI_createOrder_2,7.51061
04/06/2022, 05:53:51.366, 05:53:58.534,nglOrderAPI_createOrder_2,7.16741
04/06/2022, 05:53:51.507, 05:53:58.581,nglOrderAPI_createOrder_2,7.07381
04/06/2022, 05:53:51.507, 05:53:58.674,nglOrderAPI_createOrder_2,7.16741
04/06/2022, 05:53:50.897, 05:53:58.690,nglOrderAPI_createOrder_2,7.79241
04/06/2022, 05:53:51.522, 05:53:59.35,nglOrderAPI_createOrder_2,7.51261
04/06/2022, 05:53:51.242, 05:53:59.269,nglOrderAPI_createOrder_2,8.02741
04/06/2022, 05:53:51.273, 05:53:59.316,nglOrderAPI_createOrder_2,8.04301
04/06/2022, 05:53:51.507, 05:53:59.753,nglOrderAPI_createOrder_2,8.24582
04/06/2022, 05:53:53.475, 05:54:0.284,nglOrderAPI_createOrder_2,6.80961
04/06/2022, 05:53:52.397, 05:54:0.300,nglOrderAPI_createOrder_2,7.90261
04/06/2022, 05:53:51.335, 05:54:0.315,nglOrderAPI_createOrder_2,8.98002
04/06/2022, 05:53:51.257, 05:54:0.659,nglOrderAPI_createOrder_2,9.40122
04/06/2022, 05:53:51.23, 05:54:0.659,nglOrderAPI_createOrder_2,9.63522
04/06/2022, 05:53:51.23, 05:54:0.674,nglOrderAPI_createOrder_2,9.65082
04/06/2022, 05:53:51.148, 05:54:0.737,nglOrderAPI_createOrder_2,9.58842
04/06/2022, 05:53:52.740, 05:54:0.908,nglOrderAPI_createOrder_2,8.16781
04/06/2022, 05:53:51.335, 05:54:1.143,nglOrderAPI_createOrder_2,9.80782
04/06/2022, 05:53:51.273, 05:54:1.143,nglOrderAPI_createOrder_2,9.87022
04/06/2022, 05:53:51.8, 05:54:1.159,nglOrderAPI_createOrder_2,10.15102
04/06/2022, 05:53:54.536, 05:54:1.206,nglOrderAPI_createOrder_2,6.66921
04/06/2022, 05:53:51.507, 05:54:2.314,nglOrderAPI_createOrder_2,10.80722
04/06/2022, 05:53:52.132, 05:54:3.48,nglOrderAPI_createOrder_2,10.91642
04/06/2022, 05:53:53.53, 05:54:3.111,nglOrderAPI_createOrder_2,10.05742
04/06/2022, 05:53:54.661, 05:54:3.111,nglOrderAPI_createOrder_2,8.44962
04/06/2022, 05:53:54.193, 05:54:3.142,nglOrderAPI_createOrder_2,8.94882
04/06/2022, 05:53:54.614, 05:54:3.142,nglOrderAPI_createOrder_2,8.52762
04/06/2022, 05:53:55.567, 05:54:3.173,nglOrderAPI_createOrder_2,7.60621
04/06/2022, 05:53:55.910, 05:54:3.548,nglOrderAPI_createOrder_2,7.63741
04/06/2022, 05:53:56.20, 05:54:3.657,nglOrderAPI_createOrder_2,7.63641
04/06/2022, 05:53:56.270, 05:54:4.422,nglOrderAPI_createOrder_2,8.15221
04/06/2022, 05:53:57.67, 05:54:7.218,nglOrderAPI_createOrder_2,10.15102
04/06/2022, 05:53:58.674, 05:54:7.639,nglOrderAPI_createOrder_2,8.96442
04/06/2022, 05:53:58.82, 05:54:7.654,nglOrderAPI_createOrder_2,9.57282
04/06/2022, 05:53:58.690, 05:54:7.686,nglOrderAPI_createOrder_2,8.99562
04/06/2022, 05:53:58.674, 05:54:7.921,nglOrderAPI_createOrder_2,9.24622
04/06/2022, 05:53:59.238, 05:54:7.999,nglOrderAPI_createOrder_2,8.76062
04/06/2022, 05:53:59.285, 05:54:8.14,nglOrderAPI_createOrder_2,8.72942
04/06/2022, 05:53:59.254, 05:54:8.45,nglOrderAPI_createOrder_2,8.79182
04/06/2022, 05:53:59.815, 05:54:8.108,nglOrderAPI_createOrder_2,8.29262
04/06/2022, 05:53:59.519, 05:54:8.139,nglOrderAPI_createOrder_2,8.62022
04/06/2022, 05:53:59.238, 05:54:8.186,nglOrderAPI_createOrder_2,8.94782
04/06/2022, 05:53:59.737, 05:54:8.233,nglOrderAPI_createOrder_2,8.49542
04/06/2022, 05:53:59.20, 05:54:8.482,nglOrderAPI_createOrder_2,9.46262
04/06/2022, 05:54:0.331, 05:54:8.607,nglOrderAPI_createOrder_2,8.27602
04/06/2022, 05:53:59.20, 05:54:9.419,nglOrderAPI_createOrder_2,10.39962
04/06/2022, 05:53:58.628, 05:54:9.638,nglOrderAPI_createOrder_2,11.01002
04/06/2022, 05:53:58.799, 05:54:9.716,nglOrderAPI_createOrder_2,10.91642
04/06/2022, 05:53:58.877, 05:54:9.731,nglOrderAPI_createOrder_2,10.85402
04/06/2022, 05:53:59.144, 05:54:9.731,nglOrderAPI_createOrder_2,10.58682
04/06/2022, 05:53:59.706, 05:54:9.731,nglOrderAPI_createOrder_2,10.02522
04/06/2022, 05:53:58.893, 05:54:9.731,nglOrderAPI_createOrder_2,10.83842
04/06/2022, 05:53:59.690, 05:54:9.731,nglOrderAPI_createOrder_2,10.04082
04/06/2022, 05:53:59.191, 05:54:9.747,nglOrderAPI_createOrder_2,10.55562
04/06/2022, 05:54:0.861, 05:54:10.699,nglOrderAPI_createOrder_2,9.83802
04/06/2022, 05:54:3.64, 05:54:11.75,nglOrderAPI_createOrder_2,8.01081
04/06/2022, 05:54:0.925, 05:54:11.184,nglOrderAPI_createOrder_2,10.25922
04/06/2022, 05:54:3.80, 05:54:11.730,nglOrderAPI_createOrder_2,8.65042
04/06/2022, 05:54:3.345, 05:54:11.792,nglOrderAPI_createOrder_2,8.44762
04/06/2022, 05:54:3.64, 05:54:12.59,nglOrderAPI_createOrder_2,8.99462
04/06/2022, 05:54:3.470, 05:54:12.105,nglOrderAPI_createOrder_2,8.63582
04/06/2022, 05:54:3.80, 05:54:12.105,nglOrderAPI_createOrder_2,9.02582
04/06/2022, 05:54:3.33, 05:54:12.168,nglOrderAPI_createOrder_2,9.13502
04/06/2022, 05:54:3.345, 05:54:12.183,nglOrderAPI_createOrder_2,8.83862
04/06/2022, 05:54:3.314, 05:54:12.589,nglOrderAPI_createOrder_2,9.27542
04/06/2022, 05:54:3.594, 05:54:12.589,nglOrderAPI_createOrder_2,8.99462
04/06/2022, 05:54:1.206, 05:54:12.620,nglOrderAPI_createOrder_2,11.41462
04/06/2022, 05:54:3.95, 05:54:12.636,nglOrderAPI_createOrder_2,9.54062
04/06/2022, 05:54:3.64, 05:54:12.636,nglOrderAPI_createOrder_2,9.57182
04/06/2022, 05:54:0.830, 05:54:12.636,nglOrderAPI_createOrder_2,11.80562
04/06/2022, 05:54:3.142, 05:54:12.636,nglOrderAPI_createOrder_2,9.49382
04/06/2022, 05:54:3.48, 05:54:13.120,nglOrderAPI_createOrder_2,10.07202
04/06/2022, 05:54:3.64, 05:54:13.120,nglOrderAPI_createOrder_2,10.05642
04/06/2022, 05:54:2.252, 05:54:13.214,nglOrderAPI_createOrder_2,10.96222
04/06/2022, 05:54:3.95, 05:54:13.261,nglOrderAPI_createOrder_2,10.16562
04/06/2022, 05:54:3.392, 05:54:13.339,nglOrderAPI_createOrder_2,9.94722
04/06/2022, 05:54:3.95, 05:54:13.354,nglOrderAPI_createOrder_2,10.25922
04/06/2022, 05:54:3.111, 05:54:13.401,nglOrderAPI_createOrder_2,10.29042
04/06/2022, 05:54:3.719, 05:54:13.588,nglOrderAPI_createOrder_2,9.86922
04/06/2022, 05:54:3.844, 05:54:13.635,nglOrderAPI_createOrder_2,9.79122
04/06/2022, 05:54:3.111, 05:54:13.744,nglOrderAPI_createOrder_2,10.63362
04/06/2022, 05:54:5.234, 05:54:13.869,nglOrderAPI_createOrder_2,8.63482
04/06/2022, 05:54:3.64, 05:54:14.100,nglOrderAPI_createOrder_2,11.03562
04/06/2022, 05:54:3.95, 05:54:14.943,nglOrderAPI_createOrder_2,11.84782
04/06/2022, 05:54:3.376, 05:54:14.974,nglOrderAPI_createOrder_2,11.59822
04/06/2022, 05:54:3.158, 05:54:15.5,nglOrderAPI_createOrder_2,11.84782
04/06/2022, 05:54:5.484, 05:54:15.37,nglOrderAPI_createOrder_2,9.55262
04/06/2022, 05:54:3.970, 05:54:15.99,nglOrderAPI_createOrder_2,11.12922
04/06/2022, 05:54:3.610, 05:54:15.115,nglOrderAPI_createOrder_2,11.50462
04/06/2022, 05:54:3.345, 05:54:15.115,nglOrderAPI_createOrder_2,11.76982
04/06/2022, 05:54:6.937, 05:54:15.115,nglOrderAPI_createOrder_2,8.17782
04/06/2022, 05:54:3.610, 05:54:15.115,nglOrderAPI_createOrder_2,11.50462
04/06/2022, 05:54:7.732, 05:54:15.130,nglOrderAPI_createOrder_2,7.39781
04/06/2022, 05:54:4.985, 05:54:15.130,nglOrderAPI_createOrder_2,10.14542
04/06/2022, 05:54:3.704, 05:54:15.224,nglOrderAPI_createOrder_2,11.52022
04/06/2022, 05:54:8.872, 05:54:16.566,nglOrderAPI_createOrder_2,7.69421
04/06/2022, 05:54:8.264, 05:54:16.676,nglOrderAPI_createOrder_2,8.41182
04/06/2022, 05:54:8.951, 05:54:17.113,nglOrderAPI_createOrder_2,8.16222
04/06/2022, 05:54:8.951, 05:54:17.285,nglOrderAPI_createOrder_2,8.33382
04/06/2022, 05:54:9.123, 05:54:17.379,nglOrderAPI_createOrder_2,8.25582
04/06/2022, 05:54:9.872, 05:54:17.753,nglOrderAPI_createOrder_2,7.88141
04/06/2022, 05:54:10.278, 05:54:17.769,nglOrderAPI_createOrder_2,7.49041
04/06/2022, 05:54:9.216, 05:54:18.253,nglOrderAPI_createOrder_2,9.03682
04/06/2022, 05:54:13.464, 05:54:18.316,nglOrderAPI_createOrder_2,4.85201
04/06/2022, 05:54:10.138, 05:54:18.518,nglOrderAPI_createOrder_2,8.38062
04/06/2022, 05:54:13.510, 05:54:19.502,nglOrderAPI_createOrder_2,5.99181
04/06/2022, 05:54:12.573, 05:54:19.518,nglOrderAPI_createOrder_2,6.94441
04/06/2022, 05:54:13.651, 05:54:20.440,nglOrderAPI_createOrder_2,6.78941
04/06/2022, 05:54:51.191, 05:54:55.500,nglOrderAPI_createOrder_2,4.30961
04/06/2022, 05:54:49.488, 05:54:55.563,nglOrderAPI_createOrder_2,6.07441
04/06/2022, 05:54:50.690, 05:54:55.563,nglOrderAPI_createOrder_2,4.87221
04/06/2022, 05:54:47.708, 05:54:56.375,nglOrderAPI_createOrder_2,8.66702
04/06/2022, 05:54:47.927, 05:54:56.437,nglOrderAPI_createOrder_2,8.51002
04/06/2022, 05:54:50.347, 05:54:56.531,nglOrderAPI_createOrder_2,6.18361
04/06/2022, 05:54:47.645, 05:54:56.531,nglOrderAPI_createOrder_2,8.88542
04/06/2022, 05:54:49.239, 05:54:56.546,nglOrderAPI_createOrder_2,7.30781
04/06/2022, 05:54:48.224, 05:54:56.578,nglOrderAPI_createOrder_2,8.35402
04/06/2022, 05:54:50.566, 05:54:56.578,nglOrderAPI_createOrder_2,6.01201
04/06/2022, 05:54:50.941, 05:54:56.593,nglOrderAPI_createOrder_2,5.65221
04/06/2022, 05:54:50.581, 05:54:56.640,nglOrderAPI_createOrder_2,6.05881
04/06/2022, 05:54:49.644, 05:54:56.718,nglOrderAPI_createOrder_2,7.07381
04/06/2022, 05:54:50.254, 05:54:56.922,nglOrderAPI_createOrder_2,6.66821
04/06/2022, 05:54:49.909, 05:54:57.421,nglOrderAPI_createOrder_2,7.51161
04/06/2022, 05:54:52.502, 05:54:57.702,nglOrderAPI_createOrder_2,5.19981
04/06/2022, 05:54:53.751, 05:54:58.186,nglOrderAPI_createOrder_2,4.43541
04/06/2022, 05:54:54.594, 05:54:58.264,nglOrderAPI_createOrder_2,3.67001
04/06/2022, 05:54:52.252, 05:54:58.498,nglOrderAPI_createOrder_2,6.24601
04/06/2022, 05:54:54.95, 05:54:58.608,nglOrderAPI_createOrder_2,4.51241
04/06/2022, 05:54:53.283, 05:54:58.888,nglOrderAPI_createOrder_2,5.60541
04/06/2022, 05:54:50.347, 05:54:58.983,nglOrderAPI_createOrder_2,8.63582
04/06/2022, 05:54:53.829, 05:54:59.78,nglOrderAPI_createOrder_2,5.24861
04/06/2022, 05:54:55.750, 05:54:59.109,nglOrderAPI_createOrder_2,3.35901
04/06/2022, 05:54:56.16, 05:54:59.156,nglOrderAPI_createOrder_2,3.13961
04/06/2022, 05:54:50.566, 05:54:59.530,nglOrderAPI_createOrder_2,8.96442
04/06/2022, 05:54:56.406, 05:55:0.373,nglOrderAPI_createOrder_2,3.96741
04/06/2022, 05:54:55.251, 05:55:0.545,nglOrderAPI_createOrder_2,5.29441
04/06/2022, 05:54:56.812, 05:55:0.561,nglOrderAPI_createOrder_2,3.74901
04/06/2022, 05:54:57.0, 05:55:0.545,nglOrderAPI_createOrder_2,3.54521
04/06/2022, 05:54:55.954, 05:55:0.576,nglOrderAPI_createOrder_2,4.62261
04/06/2022, 05:54:56.687, 05:55:0.576,nglOrderAPI_createOrder_2,3.88941
04/06/2022, 05:54:56.156, 05:55:0.592,nglOrderAPI_createOrder_2,4.43541
04/06/2022, 05:54:57.0, 05:55:0.576,nglOrderAPI_createOrder_2,3.57641
04/06/2022, 05:54:57.125, 05:55:0.623,nglOrderAPI_createOrder_2,3.49841
04/06/2022, 05:54:56.858, 05:55:1.248,nglOrderAPI_createOrder_2,4.38961
04/06/2022, 05:54:57.265, 05:55:1.326,nglOrderAPI_createOrder_2,4.06101
04/06/2022, 05:54:58.327, 05:55:1.825,nglOrderAPI_createOrder_2,3.49841
04/06/2022, 05:54:57.921, 05:55:1.888,nglOrderAPI_createOrder_2,3.96641
04/06/2022, 05:54:58.936, 05:55:2.123,nglOrderAPI_createOrder_2,3.18641
04/06/2022, 05:54:58.436, 05:55:2.138,nglOrderAPI_createOrder_2,3.70221
04/06/2022, 05:54:58.592, 05:55:2.185,nglOrderAPI_createOrder_2,3.59301
04/06/2022, 05:54:58.327, 05:55:2.341,nglOrderAPI_createOrder_2,4.01421
04/06/2022, 05:54:57.265, 05:55:2.809,nglOrderAPI_createOrder_2,5.54401
04/06/2022, 05:54:58.77, 05:55:2.950,nglOrderAPI_createOrder_2,4.87321
04/06/2022, 05:54:55.360, 05:55:3.44,nglOrderAPI_createOrder_2,7.68421
04/06/2022, 05:54:59.780, 05:55:3.652,nglOrderAPI_createOrder_2,3.87281
04/06/2022, 05:54:59.390, 05:55:3.855,nglOrderAPI_createOrder_2,4.46561
04/06/2022, 05:54:57.811, 05:55:3.919,nglOrderAPI_createOrder_2,6.10761
04/06/2022, 05:54:57.374, 05:55:4.28,nglOrderAPI_createOrder_2,6.65361
04/06/2022, 05:55:0.998, 05:55:4.215,nglOrderAPI_createOrder_2,3.21661
04/06/2022, 05:55:1.186, 05:55:4.823,nglOrderAPI_createOrder_2,3.63781
04/06/2022, 05:55:2.13, 05:55:4.870,nglOrderAPI_createOrder_2,2.85681
04/06/2022, 05:54:57.374, 05:55:4.949,nglOrderAPI_createOrder_2,7.57501
04/06/2022, 05:54:57.93, 05:55:5.58,nglOrderAPI_createOrder_2,7.96501
04/06/2022, 05:54:57.421, 05:55:5.136,nglOrderAPI_createOrder_2,7.71541
04/06/2022, 05:55:2.966, 05:55:6.167,nglOrderAPI_createOrder_2,3.20101
04/06/2022, 05:54:58.327, 05:55:6.167,nglOrderAPI_createOrder_2,7.84021
04/06/2022, 05:55:4.75, 05:55:6.167,nglOrderAPI_createOrder_2,2.0924
04/06/2022, 05:55:2.762, 05:55:6.167,nglOrderAPI_createOrder_2,3.40481
04/06/2022, 05:54:59.452, 05:55:6.479,nglOrderAPI_createOrder_2,7.02701
04/06/2022, 05:54:58.686, 05:55:6.964,nglOrderAPI_createOrder_2,8.27802
04/06/2022, 05:55:3.278, 05:55:6.979,nglOrderAPI_createOrder_2,3.70121
04/06/2022, 05:55:4.43, 05:55:7.307,nglOrderAPI_createOrder_2,3.26341
04/06/2022, 05:55:3.28, 05:55:8.119,nglOrderAPI_createOrder_2,5.09061
04/06/2022, 05:55:5.90, 05:55:8.150,nglOrderAPI_createOrder_2,3.06061
04/06/2022, 05:55:1.763, 05:55:8.774,nglOrderAPI_createOrder_2,7.01141
04/06/2022, 05:55:5.230, 05:55:9.352,nglOrderAPI_createOrder_2,4.12241
04/06/2022, 05:55:5.854, 05:55:9.493,nglOrderAPI_createOrder_2,3.63881
04/06/2022, 05:54:59.826, 05:55:9.633,nglOrderAPI_createOrder_2,9.80682
04/06/2022, 05:55:1.123, 05:55:9.680,nglOrderAPI_createOrder_2,8.55682
04/06/2022, 05:55:7.276, 05:55:9.711,nglOrderAPI_createOrder_2,2.4356
04/06/2022, 05:55:0.202, 05:55:9.883,nglOrderAPI_createOrder_2,9.68102
04/06/2022, 05:55:7.322, 05:55:9.914,nglOrderAPI_createOrder_2,2.5916
04/06/2022, 05:55:7.447, 05:55:9.962,nglOrderAPI_createOrder_2,2.5146
04/06/2022, 05:55:6.323, 05:55:10.55,nglOrderAPI_createOrder_2,3.73241
04/06/2022, 05:55:7.837, 05:55:10.196,nglOrderAPI_createOrder_2,2.3586
04/06/2022, 05:55:7.260, 05:55:10.289,nglOrderAPI_createOrder_2,3.02941
04/06/2022, 05:55:8.88, 05:55:10.711,nglOrderAPI_createOrder_2,2.6228
04/06/2022, 05:55:1.498, 05:55:10.742,nglOrderAPI_createOrder_2,9.24422
04/06/2022, 05:55:2.263, 05:55:10.804,nglOrderAPI_createOrder_2,8.54122
04/06/2022, 05:55:1.935, 05:55:10.835,nglOrderAPI_createOrder_2,8.90002
04/06/2022, 05:55:9.290, 05:55:10.898,nglOrderAPI_createOrder_2,1.6078
04/06/2022, 05:55:7.588, 05:55:11.86,nglOrderAPI_createOrder_2,3.49841
04/06/2022, 05:55:7.525, 05:55:11.289,nglOrderAPI_createOrder_2,3.76361
04/06/2022, 05:55:5.854, 05:55:11.866,nglOrderAPI_createOrder_2,6.01201
04/06/2022, 05:55:10.243, 05:55:11.897,nglOrderAPI_createOrder_2,1.6546
04/06/2022, 05:55:10.196, 05:55:12.210,nglOrderAPI_createOrder_2,2.0144
04/06/2022, 05:55:10.679, 05:55:12.382,nglOrderAPI_createOrder_2,1.7024
04/06/2022, 05:55:10.430, 05:55:12.491,nglOrderAPI_createOrder_2,2.0612
04/06/2022, 05:55:5.807, 05:55:13.381,nglOrderAPI_createOrder_2,7.57401
04/06/2022, 05:55:6.58, 05:55:13.475,nglOrderAPI_createOrder_2,7.41701
04/06/2022, 05:55:11.180, 05:55:13.475,nglOrderAPI_createOrder_2,2.2952
04/06/2022, 05:55:11.117, 05:55:13.475,nglOrderAPI_createOrder_2,2.3576
04/06/2022, 05:55:10.430, 05:55:13.475,nglOrderAPI_createOrder_2,3.04501
04/06/2022, 05:55:11.180, 05:55:13.475,nglOrderAPI_createOrder_2,2.2952
04/06/2022, 05:55:7.229, 05:55:13.475,nglOrderAPI_createOrder_2,6.24601
04/06/2022, 05:55:10.165, 05:55:13.490,nglOrderAPI_createOrder_2,3.32581
04/06/2022, 05:55:10.180, 05:55:13.490,nglOrderAPI_createOrder_2,3.31021
04/06/2022, 05:55:5.277, 05:55:13.506,nglOrderAPI_createOrder_2,8.22921
04/06/2022, 05:55:10.601, 05:55:13.584,nglOrderAPI_createOrder_2,2.98261
04/06/2022, 05:55:11.382, 05:55:13.646,nglOrderAPI_createOrder_2,2.264
04/06/2022, 05:55:10.243, 05:55:14.43,nglOrderAPI_createOrder_2,3.80021
04/06/2022, 05:55:11.726, 05:55:14.433,nglOrderAPI_createOrder_2,2.70721
04/06/2022, 05:55:11.945, 05:55:14.589,nglOrderAPI_createOrder_2,2.64381
04/06/2022, 05:55:13.896, 05:55:14.932,nglOrderAPI_createOrder_2,1.036
04/06/2022, 05:55:14.7, 05:55:15.58,nglOrderAPI_createOrder_2,1.0512
04/06/2022, 05:55:14.74, 05:55:15.167,nglOrderAPI_createOrder_2,1.093
04/06/2022, 05:55:14.74, 05:55:15.276,nglOrderAPI_createOrder_2,1.2022
04/06/2022, 05:55:13.959, 05:55:15.385,nglOrderAPI_createOrder_2,1.426
04/06/2022, 05:55:13.912, 05:55:15.495,nglOrderAPI_createOrder_2,1.583
04/06/2022, 05:55:14.199, 05:55:15.604,nglOrderAPI_createOrder_2,1.405
04/06/2022, 05:55:14.464, 05:55:16.26,nglOrderAPI_createOrder_2,1.562
04/06/2022, 05:55:14.964, 05:55:16.135,nglOrderAPI_createOrder_2,1.171
04/06/2022, 05:55:15.229, 05:55:16.463,nglOrderAPI_createOrder_2,1.2334
04/06/2022, 05:55:15.385, 05:55:16.556,nglOrderAPI_createOrder_2,1.171
04/06/2022, 05:55:15.588, 05:55:16.681,nglOrderAPI_createOrder_2,1.093
04/06/2022, 05:55:15.229, 05:55:17.150,nglOrderAPI_createOrder_2,1.9208
04/06/2022, 05:55:15.917, 05:55:17.244,nglOrderAPI_createOrder_2,1.327
04/06/2022, 05:55:15.979, 05:55:17.353,nglOrderAPI_createOrder_2,1.3738
04/06/2022, 05:55:16.447, 05:55:17.478,nglOrderAPI_createOrder_2,1.0306
04/06/2022, 05:55:16.525, 05:55:17.587,nglOrderAPI_createOrder_2,1.0618
04/06/2022, 05:55:16.775, 05:55:17.951,nglOrderAPI_createOrder_2,1.176
04/06/2022, 05:55:17.821, 05:55:19.434,nglOrderAPI_createOrder_2,1.6128
04/06/2022, 05:54:13.604, 05:54:20.908,nglOrderAPI_createOrder_2,7.30421
04/06/2022, 05:54:13.760, 05:54:20.972,nglOrderAPI_createOrder_2,7.21161
04/06/2022, 05:54:14.6, 05:54:21.611,nglOrderAPI_createOrder_2,7.60521
04/06/2022, 05:54:14.146, 05:54:21.924,nglOrderAPI_createOrder_2,7.77781
04/06/2022, 05:54:14.396, 05:54:21.924,nglOrderAPI_createOrder_2,7.52821
04/06/2022, 05:54:10.153, 05:54:21.924,nglOrderAPI_createOrder_2,11.77082
04/06/2022, 05:54:14.365, 05:54:22.80,nglOrderAPI_createOrder_2,7.71541
04/06/2022, 05:54:14.926, 05:54:22.127,nglOrderAPI_createOrder_2,7.20061
04/06/2022, 05:54:14.443, 05:54:22.221,nglOrderAPI_createOrder_2,7.77781
04/06/2022, 05:54:14.443, 05:54:22.252,nglOrderAPI_createOrder_2,7.80901
04/06/2022, 05:54:14.895, 05:54:22.330,nglOrderAPI_createOrder_2,7.43461
04/06/2022, 05:54:14.396, 05:54:22.392,nglOrderAPI_createOrder_2,7.99621
04/06/2022, 05:54:15.317, 05:54:22.423,nglOrderAPI_createOrder_2,7.10601
04/06/2022, 05:54:15.317, 05:54:22.439,nglOrderAPI_createOrder_2,7.12161
04/06/2022, 05:54:15.239, 05:54:22.455,nglOrderAPI_createOrder_2,7.21521
04/06/2022, 05:54:14.521, 05:54:22.501,nglOrderAPI_createOrder_2,7.98061
04/06/2022, 05:54:10.153, 05:54:23.267,nglOrderAPI_createOrder_2,13.11342
04/06/2022, 05:54:14.443, 05:54:23.376,nglOrderAPI_createOrder_2,8.93322
04/06/2022, 05:54:13.230, 05:54:23.376,nglOrderAPI_createOrder_2,10.14642
04/06/2022, 05:54:13.948, 05:54:23.376,nglOrderAPI_createOrder_2,9.42782
04/06/2022, 05:54:9.638, 05:54:23.360,nglOrderAPI_createOrder_2,13.72283
04/06/2022, 05:54:14.146, 05:54:23.376,nglOrderAPI_createOrder_2,9.22962
04/06/2022, 05:54:15.239, 05:54:23.392,nglOrderAPI_createOrder_2,8.15221
04/06/2022, 05:54:14.443, 05:54:23.438,nglOrderAPI_createOrder_2,8.99562
04/06/2022, 05:54:15.302, 05:54:23.454,nglOrderAPI_createOrder_2,8.15221
04/06/2022, 05:54:14.443, 05:54:23.470,nglOrderAPI_createOrder_2,9.02682
04/06/2022, 05:54:14.427, 05:54:23.470,nglOrderAPI_createOrder_2,9.04242
04/06/2022, 05:54:14.974, 05:54:23.454,nglOrderAPI_createOrder_2,8.47982
04/06/2022, 05:54:14.162, 05:54:23.470,nglOrderAPI_createOrder_2,9.30762
04/06/2022, 05:54:14.146, 05:54:23.485,nglOrderAPI_createOrder_2,9.33882
04/06/2022, 05:54:14.926, 05:54:23.688,nglOrderAPI_createOrder_2,8.76162
04/06/2022, 05:54:15.676, 05:54:23.923,nglOrderAPI_createOrder_2,8.24682
04/06/2022, 05:54:15.489, 05:54:24.48,nglOrderAPI_createOrder_2,8.55882
04/06/2022, 05:54:15.927, 05:54:24.266,nglOrderAPI_createOrder_2,8.33942
04/06/2022, 05:54:17.394, 05:54:24.407,nglOrderAPI_createOrder_2,7.01241
04/06/2022, 05:54:17.425, 05:54:24.531,nglOrderAPI_createOrder_2,7.10601
04/06/2022, 05:54:17.98, 05:54:24.687,nglOrderAPI_createOrder_2,7.58961
04/06/2022, 05:54:18.4, 05:54:24.781,nglOrderAPI_createOrder_2,6.77741
04/06/2022, 05:54:18.394, 05:54:24.922,nglOrderAPI_createOrder_2,6.52881
04/06/2022, 05:54:19.455, 05:54:25.780,nglOrderAPI_createOrder_2,6.32501
04/06/2022, 05:54:17.410, 05:54:25.796,nglOrderAPI_createOrder_2,8.38622
04/06/2022, 05:54:18.908, 05:54:25.796,nglOrderAPI_createOrder_2,6.88761
04/06/2022, 05:54:19.362, 05:54:25.796,nglOrderAPI_createOrder_2,6.43421
04/06/2022, 05:54:19.159, 05:54:25.984,nglOrderAPI_createOrder_2,6.82521
04/06/2022, 05:54:18.144, 05:54:26.0,nglOrderAPI_createOrder_2,7.85581
04/06/2022, 05:54:17.628, 05:54:26.15,nglOrderAPI_createOrder_2,8.38722
04/06/2022, 05:54:17.379, 05:54:26.15,nglOrderAPI_createOrder_2,8.63682
04/06/2022, 05:54:17.957, 05:54:26.686,nglOrderAPI_createOrder_2,8.72942
04/06/2022, 05:54:17.613, 05:54:27.155,nglOrderAPI_createOrder_2,9.54262
04/06/2022, 05:54:21.876, 05:54:28.701,nglOrderAPI_createOrder_2,6.82421
04/06/2022, 05:54:23.298, 05:54:28.810,nglOrderAPI_createOrder_2,5.51181
04/06/2022, 05:54:17.941, 05:54:28.951,nglOrderAPI_createOrder_2,11.01002
04/06/2022, 05:54:22.517, 05:54:28.951,nglOrderAPI_createOrder_2,6.43421
04/06/2022, 05:54:17.613, 05:54:29.139,nglOrderAPI_createOrder_2,11.52682
04/06/2022, 05:54:17.379, 05:54:31.279,nglOrderAPI_createOrder_2,13.90003
04/06/2022, 05:54:17.893, 05:54:31.700,nglOrderAPI_createOrder_2,13.80643
04/06/2022, 05:54:24.578, 05:54:33.465,nglOrderAPI_createOrder_2,8.88642
04/06/2022, 05:54:25.515, 05:54:33.511,nglOrderAPI_createOrder_2,7.99621
04/06/2022, 05:54:25.375, 05:54:33.636,nglOrderAPI_createOrder_2,8.26142
04/06/2022, 05:54:16.551, 05:54:33.730,nglOrderAPI_createOrder_2,17.17903
04/06/2022, 05:54:25.858, 05:54:33.761,nglOrderAPI_createOrder_2,7.90261
04/06/2022, 05:54:25.905, 05:54:33.777,nglOrderAPI_createOrder_2,7.87141
04/06/2022, 05:54:26.437, 05:54:33.808,nglOrderAPI_createOrder_2,7.37121
04/06/2022, 05:54:25.624, 05:54:33.870,nglOrderAPI_createOrder_2,8.24582
04/06/2022, 05:54:25.937, 05:54:34.324,nglOrderAPI_createOrder_2,8.38622
04/06/2022, 05:54:26.15, 05:54:35.42,nglOrderAPI_createOrder_2,9.02682
04/06/2022, 05:54:25.874, 05:54:35.42,nglOrderAPI_createOrder_2,9.16822
04/06/2022, 05:54:25.890, 05:54:35.292,nglOrderAPI_createOrder_2,9.40222
04/06/2022, 05:54:26.405, 05:54:35.417,nglOrderAPI_createOrder_2,9.01122
04/06/2022, 05:54:27.140, 05:54:36.42,nglOrderAPI_createOrder_2,8.90202
04/06/2022, 05:54:26.405, 05:54:36.229,nglOrderAPI_createOrder_2,9.82342
04/06/2022, 05:54:26.62, 05:54:36.244,nglOrderAPI_createOrder_2,10.18222
04/06/2022, 05:54:26.187, 05:54:36.400,nglOrderAPI_createOrder_2,10.21342
04/06/2022, 05:54:28.545, 05:54:36.400,nglOrderAPI_createOrder_2,7.85581
04/06/2022, 05:54:28.529, 05:54:36.447,nglOrderAPI_createOrder_2,7.91821
04/06/2022, 05:54:27.389, 05:54:36.494,nglOrderAPI_createOrder_2,9.10482
04/06/2022, 05:54:26.140, 05:54:36.510,nglOrderAPI_createOrder_2,10.36942
04/06/2022, 05:54:27.904, 05:54:36.712,nglOrderAPI_createOrder_2,8.80842
04/06/2022, 05:54:28.529, 05:54:36.712,nglOrderAPI_createOrder_2,8.18341
04/06/2022, 05:54:26.390, 05:54:36.728,nglOrderAPI_createOrder_2,10.33822
04/06/2022, 05:54:25.515, 05:54:36.728,nglOrderAPI_createOrder_2,11.21282
04/06/2022, 05:54:26.140, 05:54:36.759,nglOrderAPI_createOrder_2,10.61902
04/06/2022, 05:54:25.390, 05:54:37.603,nglOrderAPI_createOrder_2,12.21222
04/06/2022, 05:54:25.188, 05:54:37.603,nglOrderAPI_createOrder_2,12.41502
04/06/2022, 05:54:24.843, 05:54:37.603,nglOrderAPI_createOrder_2,12.75922
04/06/2022, 05:54:25.624, 05:54:37.603,nglOrderAPI_createOrder_2,11.97822
04/06/2022, 05:54:25.125, 05:54:37.618,nglOrderAPI_createOrder_2,12.49302
04/06/2022, 05:54:25.375, 05:54:37.618,nglOrderAPI_createOrder_2,12.24342
04/06/2022, 05:54:24.890, 05:54:37.618,nglOrderAPI_createOrder_2,12.72802
04/06/2022, 05:54:25.359, 05:54:37.634,nglOrderAPI_createOrder_2,12.27462
04/06/2022, 05:54:25.624, 05:54:37.618,nglOrderAPI_createOrder_2,11.99382
04/06/2022, 05:54:27.732, 05:54:37.649,nglOrderAPI_createOrder_2,9.91702
04/06/2022, 05:54:28.903, 05:54:37.681,nglOrderAPI_createOrder_2,8.77722
04/06/2022, 05:54:27.748, 05:54:37.696,nglOrderAPI_createOrder_2,9.94822
04/06/2022, 05:54:28.872, 05:54:37.696,nglOrderAPI_createOrder_2,8.82402
04/06/2022, 05:54:28.654, 05:54:37.696,nglOrderAPI_createOrder_2,9.04242
04/06/2022, 05:54:27.46, 05:54:37.696,nglOrderAPI_createOrder_2,10.65022
04/06/2022, 05:54:29.46, 05:54:37.883,nglOrderAPI_createOrder_2,8.83762
04/06/2022, 05:54:29.155, 05:54:37.899,nglOrderAPI_createOrder_2,8.74402
04/06/2022, 05:54:28.888, 05:54:38.337,nglOrderAPI_createOrder_2,9.44902
04/06/2022, 05:54:29.670, 05:54:38.384,nglOrderAPI_createOrder_2,8.71382
04/06/2022, 05:54:28.872, 05:54:38.820,nglOrderAPI_createOrder_2,9.94822
04/06/2022, 05:54:29.920, 05:54:38.867,nglOrderAPI_createOrder_2,8.94682
04/06/2022, 05:54:32.231, 05:54:39.305,nglOrderAPI_createOrder_2,7.07381
04/06/2022, 05:54:31.201, 05:54:39.993,nglOrderAPI_createOrder_2,8.79282
04/06/2022, 05:54:33.965, 05:54:40.165,nglOrderAPI_createOrder_2,6.20021
04/06/2022, 05:54:30.685, 05:54:41.211,nglOrderAPI_createOrder_2,10.52642
04/06/2022, 05:54:33.714, 05:54:41.211,nglOrderAPI_createOrder_2,7.49701
04/06/2022, 05:54:30.435, 05:54:41.227,nglOrderAPI_createOrder_2,10.79162
04/06/2022, 05:54:30.951, 05:54:41.710,nglOrderAPI_createOrder_2,10.75942
04/06/2022, 05:54:31.466, 05:54:41.710,nglOrderAPI_createOrder_2,10.24462
04/06/2022, 05:54:37.415, 05:54:43.257,nglOrderAPI_createOrder_2,5.84141
04/06/2022, 05:54:38.87, 05:54:43.803,nglOrderAPI_createOrder_2,5.71561
04/06/2022, 05:54:38.680, 05:54:43.896,nglOrderAPI_createOrder_2,5.21641
04/06/2022, 05:54:38.727, 05:54:44.647,nglOrderAPI_createOrder_2,5.92041
04/06/2022, 05:54:38.602, 05:54:44.866,nglOrderAPI_createOrder_2,6.26361
04/06/2022, 05:54:38.602, 05:54:45.163,nglOrderAPI_createOrder_2,6.56101
04/06/2022, 05:54:38.852, 05:54:45.257,nglOrderAPI_createOrder_2,6.40501
04/06/2022, 05:54:39.445, 05:54:45.272,nglOrderAPI_createOrder_2,5.82681
04/06/2022, 05:54:39.102, 05:54:45.584,nglOrderAPI_createOrder_2,6.48201
04/06/2022, 05:54:38.852, 05:54:46.256,nglOrderAPI_createOrder_2,7.40441
04/06/2022, 05:54:38.946, 05:54:46.365,nglOrderAPI_createOrder_2,7.41901
04/06/2022, 05:54:39.899, 05:54:46.381,nglOrderAPI_createOrder_2,6.48201
04/06/2022, 05:54:39.931, 05:54:46.428,nglOrderAPI_createOrder_2,6.49661
04/06/2022, 05:54:39.367, 05:54:46.615,nglOrderAPI_createOrder_2,7.24741
04/06/2022, 05:54:39.196, 05:54:46.724,nglOrderAPI_createOrder_2,7.52821
04/06/2022, 05:54:39.931, 05:54:46.724,nglOrderAPI_createOrder_2,6.79301
04/06/2022, 05:54:39.899, 05:54:46.802,nglOrderAPI_createOrder_2,6.90321
04/06/2022, 05:54:39.931, 05:54:46.802,nglOrderAPI_createOrder_2,6.87101
04/06/2022, 05:54:39.899, 05:54:46.802,nglOrderAPI_createOrder_2,6.90321
04/06/2022, 05:54:39.102, 05:54:46.818,nglOrderAPI_createOrder_2,7.71541
04/06/2022, 05:54:39.931, 05:54:46.849,nglOrderAPI_createOrder_2,6.91781
04/06/2022, 05:54:37.681, 05:54:46.896,nglOrderAPI_createOrder_2,9.21502
04/06/2022, 05:54:39.947, 05:54:47.177,nglOrderAPI_createOrder_2,7.23081
04/06/2022, 05:54:37.681, 05:54:47.287,nglOrderAPI_createOrder_2,9.60602
04/06/2022, 05:54:40.196, 05:54:47.302,nglOrderAPI_createOrder_2,7.10601
04/06/2022, 05:54:40.196, 05:54:47.396,nglOrderAPI_createOrder_2,7.19961
04/06/2022, 05:54:38.181, 05:54:47.567,nglOrderAPI_createOrder_2,9.38662
04/06/2022, 05:54:38.337, 05:54:47.599,nglOrderAPI_createOrder_2,9.26182
04/06/2022, 05:54:40.181, 05:54:47.645,nglOrderAPI_createOrder_2,7.46481
04/06/2022, 05:54:37.837, 05:54:47.833,nglOrderAPI_createOrder_2,9.99602
04/06/2022, 05:54:40.149, 05:54:47.879,nglOrderAPI_createOrder_2,7.73001
04/06/2022, 05:54:38.430, 05:54:48.754,nglOrderAPI_createOrder_2,10.32362
04/06/2022, 05:54:42.647, 05:54:48.816,nglOrderAPI_createOrder_2,6.16901
04/06/2022, 05:54:38.618, 05:54:48.848,nglOrderAPI_createOrder_2,10.23002
04/06/2022, 05:54:38.602, 05:54:48.848,nglOrderAPI_createOrder_2,10.24562
04/06/2022, 05:54:39.102, 05:54:48.863,nglOrderAPI_createOrder_2,9.76102
04/06/2022, 05:54:39.102, 05:54:48.863,nglOrderAPI_createOrder_2,9.76102
04/06/2022, 05:54:38.727, 05:54:48.863,nglOrderAPI_createOrder_2,10.13642
04/06/2022, 05:54:38.946, 05:54:48.879,nglOrderAPI_createOrder_2,9.93262
04/06/2022, 05:54:42.647, 05:54:48.973,nglOrderAPI_createOrder_2,6.32601
04/06/2022, 05:54:39.665, 05:54:48.973,nglOrderAPI_createOrder_2,9.30862
04/06/2022, 05:54:42.523, 05:54:48.989,nglOrderAPI_createOrder_2,6.46641
04/06/2022, 05:54:43.272, 05:54:48.989,nglOrderAPI_createOrder_2,5.71661
04/06/2022, 05:54:42.694, 05:54:48.989,nglOrderAPI_createOrder_2,6.29481
04/06/2022, 05:54:43.23, 05:54:48.989,nglOrderAPI_createOrder_2,5.96621
04/06/2022, 05:54:43.787, 05:54:50.144,nglOrderAPI_createOrder_2,6.35721
04/06/2022, 05:54:44.39, 05:54:50.238,nglOrderAPI_createOrder_2,6.19921
04/06/2022, 05:54:46.864, 05:54:51.549,nglOrderAPI_createOrder_2,4.68501
04/06/2022, 05:54:46.928, 05:54:52.408,nglOrderAPI_createOrder_2,5.48061
04/06/2022, 05:54:47.349, 05:54:52.658,nglOrderAPI_createOrder_2,5.30901
04/06/2022, 05:54:48.380, 05:54:52.830,nglOrderAPI_createOrder_2,4.45001
04/06/2022, 05:54:48.738, 05:54:52.861,nglOrderAPI_createOrder_2,4.12241
04/06/2022, 05:54:47.630, 05:54:53.49,nglOrderAPI_createOrder_2,5.41921
04/06/2022, 05:54:47.599, 05:54:53.205,nglOrderAPI_createOrder_2,5.60641
04/06/2022, 05:54:48.754, 05:54:53.408,nglOrderAPI_createOrder_2,4.65381
04/06/2022, 05:54:47.380, 05:54:53.439,nglOrderAPI_createOrder_2,6.05881
04/06/2022, 05:54:47.974, 05:54:53.501,nglOrderAPI_createOrder_2,5.52741
04/06/2022, 05:54:47.349, 05:54:54.111,nglOrderAPI_createOrder_2,6.76181
04/06/2022, 05:54:48.910, 05:54:54.142,nglOrderAPI_createOrder_2,5.23201
04/06/2022, 05:54:49.395, 05:54:54.173,nglOrderAPI_createOrder_2,4.77861
04/06/2022, 05:54:48.645, 05:54:54.220,nglOrderAPI_createOrder_2,5.57521
04/06/2022, 05:54:47.177, 05:54:54.392,nglOrderAPI_createOrder_2,7.21421
04/06/2022, 05:54:49.317, 05:54:54.970,nglOrderAPI_createOrder_2,5.65321
04/06/2022, 05:54:50.441, 05:54:55.63,nglOrderAPI_createOrder_2,4.62261
04/06/2022, 05:54:47.349, 05:54:55.79,nglOrderAPI_createOrder_2,7.73001
04/06/2022, 05:54:47.599, 05:54:55.219,nglOrderAPI_createOrder_2,7.62081
04/06/2022, 05:54:50.628, 05:54:55.219,nglOrderAPI_createOrder_2,4.59141
04/06/2022, 05:54:47.879, 05:54:55.219,nglOrderAPI_createOrder_2,7.34001
04/06/2022, 05:54:50.316, 05:54:55.297,nglOrderAPI_createOrder_2,4.98141
04/06/2022, 05:54:50.957, 05:54:55.469,nglOrderAPI_createOrder_2,4.51241
04/06/2022, 05:54:51.191, 05:54:55.500,nglOrderAPI_createOrder_2,4.30961
04/06/2022, 05:54:49.488, 05:54:55.563,nglOrderAPI_createOrder_2,6.07441
04/06/2022, 05:54:50.690, 05:54:55.563,nglOrderAPI_createOrder_2,4.87221
04/06/2022, 05:54:47.708, 05:54:56.375,nglOrderAPI_createOrder_2,8.66702
04/06/2022, 05:54:47.927, 05:54:56.437,nglOrderAPI_createOrder_2,8.51002
04/06/2022, 05:54:50.347, 05:54:56.531,nglOrderAPI_createOrder_2,6.18361
04/06/2022, 05:54:47.645, 05:54:56.531,nglOrderAPI_createOrder_2,8.88542
04/06/2022, 05:54:49.239, 05:54:56.546,nglOrderAPI_createOrder_2,7.30781
04/06/2022, 05:54:48.224, 05:54:56.578,nglOrderAPI_createOrder_2,8.35402
04/06/2022, 05:54:50.566, 05:54:56.578,nglOrderAPI_createOrder_2,6.01201
04/06/2022, 05:54:50.941, 05:54:56.593,nglOrderAPI_createOrder_2,5.65221
04/06/2022, 05:54:50.581, 05:54:56.640,nglOrderAPI_createOrder_2,6.05881
04/06/2022, 05:54:49.644, 05:54:56.718,nglOrderAPI_createOrder_2,7.07381
04/06/2022, 05:54:50.254, 05:54:56.922,nglOrderAPI_createOrder_2,6.66821
04/06/2022, 05:54:49.909, 05:54:57.421,nglOrderAPI_createOrder_2,7.51161
04/06/2022, 05:54:52.502, 05:54:57.702,nglOrderAPI_createOrder_2,5.19981
04/06/2022, 05:54:53.751, 05:54:58.186,nglOrderAPI_createOrder_2,4.43541
04/06/2022, 05:54:54.594, 05:54:58.264,nglOrderAPI_createOrder_2,3.67001
04/06/2022, 05:54:52.252, 05:54:58.498,nglOrderAPI_createOrder_2,6.24601
04/06/2022, 05:54:54.95, 05:54:58.608,nglOrderAPI_createOrder_2,4.51241
04/06/2022, 05:54:53.283, 05:54:58.888,nglOrderAPI_createOrder_2,5.60541
04/06/2022, 05:54:50.347, 05:54:58.983,nglOrderAPI_createOrder_2,8.63582
04/06/2022, 05:54:53.829, 05:54:59.78,nglOrderAPI_createOrder_2,5.24861
04/06/2022, 05:54:55.750, 05:54:59.109,nglOrderAPI_createOrder_2,3.35901
04/06/2022, 05:54:56.16, 05:54:59.156,nglOrderAPI_createOrder_2,3.13961
04/06/2022, 05:54:50.566, 05:54:59.530,nglOrderAPI_createOrder_2,8.96442
04/06/2022, 05:54:56.406, 05:55:0.373,nglOrderAPI_createOrder_2,3.96741
04/06/2022, 05:54:55.251, 05:55:0.545,nglOrderAPI_createOrder_2,5.29441
04/06/2022, 05:54:56.812, 05:55:0.561,nglOrderAPI_createOrder_2,3.74901
04/06/2022, 05:54:57.0, 05:55:0.545,nglOrderAPI_createOrder_2,3.54521
